Size,Algorithm,DataType,Comparisons,Time_ms
100,StandardMergeSort,Random,589,0.553
100,StandardMergeSort,Reversed,364,0.553
100,StandardMergeSort,AlmostSorted,509,0.558
100,StandardMergeSort,Prefix,4468,0.564
100,StandardQuickSort,Random,752,0.018
100,StandardQuickSort,Reversed,5006,0.098
100,StandardQuickSort,AlmostSorted,2144,0.046
100,StandardQuickSort,Prefix,5429,0.037
100,TernaryQuickSort,Random,647,0.081
100,TernaryQuickSort,Reversed,548,0.013
100,TernaryQuickSort,AlmostSorted,589,0.013
100,TernaryQuickSort,Prefix,1303,0.018
100,LCPMergeSort,Random,589,0.550
100,LCPMergeSort,Reversed,364,0.518
100,LCPMergeSort,AlmostSorted,509,0.536
100,LCPMergeSort,Prefix,4468,0.567
100,MSDRadixSort,Random,170,0.461
100,MSDRadixSort,Reversed,174,0.470
100,MSDRadixSort,AlmostSorted,174,0.450
100,MSDRadixSort,Prefix,878,2.344
100,MSDRadixSort+QuickSort,Random,146,0.286
100,MSDRadixSort+QuickSort,Reversed,151,0.312
100,MSDRadixSort+QuickSort,AlmostSorted,152,0.313
100,MSDRadixSort+QuickSort,Prefix,857,6.271
200,StandardMergeSort,Random,1467,1.347
200,StandardMergeSort,Reversed,908,1.286
200,StandardMergeSort,AlmostSorted,1345,1.453
200,StandardMergeSort,Prefix,10494,1.741
200,StandardQuickSort,Random,1695,0.048
200,StandardQuickSort,Reversed,20175,0.444
200,StandardQuickSort,AlmostSorted,5753,0.110
200,StandardQuickSort,Prefix,12657,0.082
200,TernaryQuickSort,Random,1557,0.037
200,TernaryQuickSort,Reversed,1420,0.028
200,TernaryQuickSort,AlmostSorted,1405,0.027
200,TernaryQuickSort,Prefix,2899,0.039
200,LCPMergeSort,Random,1467,1.668
200,LCPMergeSort,Reversed,908,1.466
200,LCPMergeSort,AlmostSorted,1345,1.429
200,LCPMergeSort,Prefix,10494,1.803
200,MSDRadixSort,Random,386,1.485
200,MSDRadixSort,Reversed,398,1.895
200,MSDRadixSort,AlmostSorted,405,3.308
200,MSDRadixSort,Prefix,1796,8.030
200,MSDRadixSort+QuickSort,Random,404,1.545
200,MSDRadixSort+QuickSort,Reversed,403,1.155
200,MSDRadixSort+QuickSort,AlmostSorted,418,0.830
200,MSDRadixSort+QuickSort,Prefix,1809,25.277
300,StandardMergeSort,Random,2522,2.305
300,StandardMergeSort,Reversed,1513,2.374
300,StandardMergeSort,AlmostSorted,2217,2.364
300,StandardMergeSort,Prefix,17052,2.647
300,StandardQuickSort,Random,2779,0.064
300,StandardQuickSort,Reversed,45430,0.898
300,StandardQuickSort,AlmostSorted,7379,0.129
300,StandardQuickSort,Prefix,18065,0.116
300,TernaryQuickSort,Random,2296,0.049
300,TernaryQuickSort,Reversed,2240,0.046
300,TernaryQuickSort,AlmostSorted,2452,0.045
300,TernaryQuickSort,Prefix,4275,0.062
300,LCPMergeSort,Random,2522,2.350
300,LCPMergeSort,Reversed,1513,2.427
300,LCPMergeSort,AlmostSorted,2217,2.344
300,LCPMergeSort,Prefix,17052,3.467
300,MSDRadixSort,Random,610,2.546
300,MSDRadixSort,Reversed,605,2.387
300,MSDRadixSort,AlmostSorted,609,2.197
300,MSDRadixSort,Prefix,2713,20.428
300,MSDRadixSort+QuickSort,Random,703,5.569
300,MSDRadixSort+QuickSort,Reversed,701,5.554
300,MSDRadixSort+QuickSort,AlmostSorted,741,4.470
300,MSDRadixSort+QuickSort,Prefix,2824,56.206
400,StandardMergeSort,Random,3651,6.194
400,StandardMergeSort,Reversed,2196,9.366
400,StandardMergeSort,AlmostSorted,3084,8.457
400,StandardMergeSort,Prefix,24294,9.054
400,StandardQuickSort,Random,4903,0.109
400,StandardQuickSort,Reversed,80895,1.575
400,StandardQuickSort,AlmostSorted,16864,0.345
400,StandardQuickSort,Prefix,29344,0.188
400,TernaryQuickSort,Random,3206,0.068
400,TernaryQuickSort,Reversed,3034,0.061
400,TernaryQuickSort,AlmostSorted,3114,0.059
400,TernaryQuickSort,Prefix,6235,0.088
400,LCPMergeSort,Random,3651,7.147
400,LCPMergeSort,Reversed,2196,7.974
400,LCPMergeSort,AlmostSorted,3084,7.708
400,LCPMergeSort,Prefix,24294,9.893
400,MSDRadixSort,Random,815,8.248
400,MSDRadixSort,Reversed,832,8.042
400,MSDRadixSort,AlmostSorted,825,7.061
400,MSDRadixSort,Prefix,3636,48.642
400,MSDRadixSort+QuickSort,Random,1103,9.680
400,MSDRadixSort+QuickSort,Reversed,1107,9.493
400,MSDRadixSort+QuickSort,AlmostSorted,1127,7.240
400,MSDRadixSort+QuickSort,Prefix,3900,84.219
500,StandardMergeSort,Random,4802,11.477
500,StandardMergeSort,Reversed,2975,12.453
500,StandardMergeSort,AlmostSorted,3720,15.009
500,StandardMergeSort,Prefix,31891,16.123
500,StandardQuickSort,Random,5676,0.124
500,StandardQuickSort,Reversed,126405,2.429
500,StandardQuickSort,AlmostSorted,47792,0.987
500,StandardQuickSort,Prefix,41343,0.879
500,TernaryQuickSort,Random,4171,0.085
500,TernaryQuickSort,Reversed,3953,0.076
500,TernaryQuickSort,AlmostSorted,4481,0.080
500,TernaryQuickSort,Prefix,7931,0.110
500,LCPMergeSort,Random,4802,13.465
500,LCPMergeSort,Reversed,2975,13.519
500,LCPMergeSort,AlmostSorted,3720,15.608
500,LCPMergeSort,Prefix,31891,16.970
500,MSDRadixSort,Random,1033,17.351
500,MSDRadixSort,Reversed,1046,20.314
500,MSDRadixSort,AlmostSorted,1040,24.962
500,MSDRadixSort,Prefix,4529,76.829
500,MSDRadixSort+QuickSort,Random,1512,14.807
500,MSDRadixSort+QuickSort,Reversed,1463,14.329
500,MSDRadixSort+QuickSort,AlmostSorted,1505,12.885
500,MSDRadixSort+QuickSort,Prefix,5025,123.746
600,StandardMergeSort,Random,6106,10.980
600,StandardMergeSort,Reversed,3628,9.655
600,StandardMergeSort,AlmostSorted,4916,11.222
600,StandardMergeSort,Prefix,39542,14.705
600,StandardQuickSort,Random,7578,0.162
600,StandardQuickSort,Reversed,182195,3.709
600,StandardQuickSort,AlmostSorted,56882,1.196
600,StandardQuickSort,Prefix,54914,0.355
600,TernaryQuickSort,Random,5260,0.115
600,TernaryQuickSort,Reversed,5493,0.102
600,TernaryQuickSort,AlmostSorted,5778,0.098
600,TernaryQuickSort,Prefix,9438,0.136
600,LCPMergeSort,Random,6106,11.545
600,LCPMergeSort,Reversed,3628,10.522
600,LCPMergeSort,AlmostSorted,4916,11.808
600,LCPMergeSort,Prefix,39542,15.171
600,MSDRadixSort,Random,1262,15.411
600,MSDRadixSort,Reversed,1255,14.563
600,MSDRadixSort,AlmostSorted,1256,22.897
600,MSDRadixSort,Prefix,5467,111.800
600,MSDRadixSort+QuickSort,Random,1949,11.481
600,MSDRadixSort+QuickSort,Reversed,1974,10.346
600,MSDRadixSort+QuickSort,AlmostSorted,1989,6.719
600,MSDRadixSort+QuickSort,Prefix,6144,130.657
700,StandardMergeSort,Random,7422,38.525
700,StandardMergeSort,Reversed,4368,38.125
700,StandardMergeSort,AlmostSorted,6000,48.756
700,StandardMergeSort,Prefix,47797,47.374
700,StandardQuickSort,Random,8345,0.181
700,StandardQuickSort,Reversed,247993,5.173
700,StandardQuickSort,AlmostSorted,80423,1.707
700,StandardQuickSort,Prefix,65107,0.431
700,TernaryQuickSort,Random,7110,0.195
700,TernaryQuickSort,Reversed,6171,0.131
700,TernaryQuickSort,AlmostSorted,6222,0.133
700,TernaryQuickSort,Prefix,11935,0.255
700,LCPMergeSort,Random,7422,36.620
700,LCPMergeSort,Reversed,4368,36.244
700,LCPMergeSort,AlmostSorted,6000,44.554
700,LCPMergeSort,Prefix,47797,47.500
700,MSDRadixSort,Random,1481,47.258
700,MSDRadixSort,Reversed,1498,66.841
700,MSDRadixSort,AlmostSorted,1467,44.059
700,MSDRadixSort,Prefix,6386,217.419
700,MSDRadixSort+QuickSort,Random,2357,11.946
700,MSDRadixSort+QuickSort,Reversed,2402,14.979
700,MSDRadixSort+QuickSort,AlmostSorted,2321,12.797
700,MSDRadixSort+QuickSort,Prefix,7274,254.717
800,StandardMergeSort,Random,8783,20.592
800,StandardMergeSort,Reversed,5204,20.119
800,StandardMergeSort,AlmostSorted,6906,21.415
800,StandardMergeSort,Prefix,55823,25.333
800,StandardQuickSort,Random,10152,0.228
800,StandardQuickSort,Reversed,323874,6.461
800,StandardQuickSort,AlmostSorted,141930,3.529
800,StandardQuickSort,Prefix,69306,0.488
800,TernaryQuickSort,Random,6720,0.152
800,TernaryQuickSort,Reversed,7471,0.146
800,TernaryQuickSort,AlmostSorted,7610,0.172
800,TernaryQuickSort,Prefix,14422,0.224
800,LCPMergeSort,Random,8783,20.801
800,LCPMergeSort,Reversed,5204,20.178
800,LCPMergeSort,AlmostSorted,6906,23.811
800,LCPMergeSort,Prefix,55823,25.480
800,MSDRadixSort,Random,1725,22.354
800,MSDRadixSort,Reversed,1683,23.428
800,MSDRadixSort,AlmostSorted,1708,22.781
800,MSDRadixSort,Prefix,7303,266.213
800,MSDRadixSort+QuickSort,Random,2912,19.064
800,MSDRadixSort+QuickSort,Reversed,2905,20.281
800,MSDRadixSort+QuickSort,AlmostSorted,2863,24.168
800,MSDRadixSort+QuickSort,Prefix,8521,366.249
900,StandardMergeSort,Random,10142,37.812
900,StandardMergeSort,Reversed,6088,119.594
900,StandardMergeSort,AlmostSorted,7861,74.904
900,StandardMergeSort,Prefix,64464,91.405
900,StandardQuickSort,Random,11974,0.274
900,StandardQuickSort,Reversed,410006,8.047
900,StandardQuickSort,AlmostSorted,109419,2.053
900,StandardQuickSort,Prefix,77115,0.501
900,TernaryQuickSort,Random,8305,0.184
900,TernaryQuickSort,Reversed,7665,0.151
900,TernaryQuickSort,AlmostSorted,8542,0.182
900,TernaryQuickSort,Prefix,14424,0.249
900,LCPMergeSort,Random,10142,57.722
900,LCPMergeSort,Reversed,6088,62.183
900,LCPMergeSort,AlmostSorted,7861,61.044
900,LCPMergeSort,Prefix,64464,67.855
900,MSDRadixSort,Random,1918,79.650
900,MSDRadixSort,Reversed,1950,79.632
900,MSDRadixSort,AlmostSorted,1943,72.408
900,MSDRadixSort,Prefix,8234,366.883
900,MSDRadixSort+QuickSort,Random,3483,37.862
900,MSDRadixSort+QuickSort,Reversed,3419,39.739
900,MSDRadixSort+QuickSort,AlmostSorted,3381,25.689
900,MSDRadixSort+QuickSort,Prefix,9705,415.615
1000,StandardMergeSort,Random,11595,84.715
1000,StandardMergeSort,Reversed,7066,81.458
1000,StandardMergeSort,AlmostSorted,8878,85.213
1000,StandardMergeSort,Prefix,72458,112.709
1000,StandardQuickSort,Random,14246,0.303
1000,StandardQuickSort,Reversed,506188,9.967
1000,StandardQuickSort,AlmostSorted,97407,1.919
1000,StandardQuickSort,Prefix,102279,0.686
1000,TernaryQuickSort,Random,9628,0.203
1000,TernaryQuickSort,Reversed,9248,0.194
1000,TernaryQuickSort,AlmostSorted,9411,0.219
1000,TernaryQuickSort,Prefix,17300,0.267
1000,LCPMergeSort,Random,11595,80.891
1000,LCPMergeSort,Reversed,7066,81.760
1000,LCPMergeSort,AlmostSorted,8878,82.075
1000,LCPMergeSort,Prefix,72458,106.670
1000,MSDRadixSort,Random,2217,117.303
1000,MSDRadixSort,Reversed,2159,113.671
1000,MSDRadixSort,AlmostSorted,2144,124.219
1000,MSDRadixSort,Prefix,9185,252.471
1000,MSDRadixSort+QuickSort,Random,3846,98.665
1000,MSDRadixSort+QuickSort,Reversed,3897,98.665
1000,MSDRadixSort+QuickSort,AlmostSorted,3901,118.994
1000,MSDRadixSort+QuickSort,Prefix,10876,255.850
1100,StandardMergeSort,Random,12998,29.376
1100,StandardMergeSort,Reversed,7800,34.416
1100,StandardMergeSort,AlmostSorted,9920,36.072
1100,StandardMergeSort,Prefix,81351,32.058
1100,StandardQuickSort,Random,15831,0.347
1100,StandardQuickSort,Reversed,612620,11.749
1100,StandardQuickSort,AlmostSorted,141037,2.539
1100,StandardQuickSort,Prefix,103091,0.661
1100,TernaryQuickSort,Random,11839,0.251
1100,TernaryQuickSort,Reversed,10281,0.208
1100,TernaryQuickSort,AlmostSorted,13360,0.330
1100,TernaryQuickSort,Prefix,18971,0.283
1100,LCPMergeSort,Random,12998,30.662
1100,LCPMergeSort,Reversed,7800,35.835
1100,LCPMergeSort,AlmostSorted,9920,35.810
1100,LCPMergeSort,Prefix,81351,30.763
1100,MSDRadixSort,Random,2353,40.771
1100,MSDRadixSort,Reversed,2391,45.537
1100,MSDRadixSort,AlmostSorted,2417,32.769
1100,MSDRadixSort,Prefix,10126,214.079
1100,MSDRadixSort+QuickSort,Random,4529,32.887
1100,MSDRadixSort+QuickSort,Reversed,4505,33.695
1100,MSDRadixSort+QuickSort,AlmostSorted,4436,31.053
1100,MSDRadixSort+QuickSort,Prefix,12267,202.203
1200,StandardMergeSort,Random,14556,35.395
1200,StandardMergeSort,Reversed,8507,42.983
1200,StandardMergeSort,AlmostSorted,11639,38.222
1200,StandardMergeSort,Prefix,90203,54.708
1200,StandardQuickSort,Random,17204,0.370
1200,StandardQuickSort,Reversed,729067,14.132
1200,StandardQuickSort,AlmostSorted,185973,4.204
1200,StandardQuickSort,Prefix,119068,0.795
1200,TernaryQuickSort,Random,11918,0.312
1200,TernaryQuickSort,Reversed,11587,0.224
1200,TernaryQuickSort,AlmostSorted,12675,0.268
1200,TernaryQuickSort,Prefix,20480,0.322
1200,LCPMergeSort,Random,14556,36.989
1200,LCPMergeSort,Reversed,8507,44.911
1200,LCPMergeSort,AlmostSorted,11639,45.231
1200,LCPMergeSort,Prefix,90203,57.622
1200,MSDRadixSort,Random,2644,43.056
1200,MSDRadixSort,Reversed,2644,62.010
1200,MSDRadixSort,AlmostSorted,2621,33.556
1200,MSDRadixSort,Prefix,11043,232.782
1200,MSDRadixSort+QuickSort,Random,4945,28.490
1200,MSDRadixSort+QuickSort,Reversed,4971,29.064
1200,MSDRadixSort+QuickSort,AlmostSorted,4990,22.083
1200,MSDRadixSort+QuickSort,Prefix,13422,250.148
1300,StandardMergeSort,Random,16011,29.053
1300,StandardMergeSort,Reversed,9434,29.295
1300,StandardMergeSort,AlmostSorted,12510,33.007
1300,StandardMergeSort,Prefix,98891,38.556
1300,StandardQuickSort,Random,19949,0.397
1300,StandardQuickSort,Reversed,855672,16.811
1300,StandardQuickSort,AlmostSorted,276194,6.203
1300,StandardQuickSort,Prefix,115541,0.761
1300,TernaryQuickSort,Random,12508,0.253
1300,TernaryQuickSort,Reversed,13028,0.237
1300,TernaryQuickSort,AlmostSorted,13168,0.259
1300,TernaryQuickSort,Prefix,21875,0.316
1300,LCPMergeSort,Random,16011,29.835
1300,LCPMergeSort,Reversed,9434,33.181
1300,LCPMergeSort,AlmostSorted,12510,48.834
1300,LCPMergeSort,Prefix,98891,48.700
1300,MSDRadixSort,Random,2884,45.052
1300,MSDRadixSort,Reversed,2867,31.434
1300,MSDRadixSort,AlmostSorted,2891,35.133
1300,MSDRadixSort,Prefix,11961,250.010
1300,MSDRadixSort+QuickSort,Random,5664,38.730
1300,MSDRadixSort+QuickSort,Reversed,5725,38.687
1300,MSDRadixSort+QuickSort,AlmostSorted,5620,54.772
1300,MSDRadixSort+QuickSort,Prefix,14839,354.877
1400,StandardMergeSort,Random,17520,30.979
1400,StandardMergeSort,Reversed,10214,32.728
1400,StandardMergeSort,AlmostSorted,13798,37.002
1400,StandardMergeSort,Prefix,107686,43.031
1400,StandardQuickSort,Random,20042,0.675
1400,StandardQuickSort,Reversed,992473,26.371
1400,StandardQuickSort,AlmostSorted,383045,8.968
1400,StandardQuickSort,Prefix,139702,1.757
1400,TernaryQuickSort,Random,15378,0.421
1400,TernaryQuickSort,Reversed,13885,0.288
1400,TernaryQuickSort,AlmostSorted,14093,0.291
1400,TernaryQuickSort,Prefix,23431,0.499
1400,LCPMergeSort,Random,17520,57.717
1400,LCPMergeSort,Reversed,10214,57.579
1400,LCPMergeSort,AlmostSorted,13798,57.049
1400,LCPMergeSort,Prefix,107686,61.118
1400,MSDRadixSort,Random,3114,56.901
1400,MSDRadixSort,Reversed,3117,52.413
1400,MSDRadixSort,AlmostSorted,3138,35.364
1400,MSDRadixSort,Prefix,12931,285.908
1400,MSDRadixSort+QuickSort,Random,6150,39.917
1400,MSDRadixSort+QuickSort,Reversed,6086,39.409
1400,MSDRadixSort+QuickSort,AlmostSorted,6214,42.647
1400,MSDRadixSort+QuickSort,Prefix,16081,446.416
1500,StandardMergeSort,Random,19121,49.574
1500,StandardMergeSort,Reversed,11194,48.336
1500,StandardMergeSort,AlmostSorted,15195,46.759
1500,StandardMergeSort,Prefix,116923,66.300
1500,StandardQuickSort,Random,22697,0.564
1500,StandardQuickSort,Reversed,1139544,25.609
1500,StandardQuickSort,AlmostSorted,296728,6.995
1500,StandardQuickSort,Prefix,150748,1.218
1500,TernaryQuickSort,Random,15111,0.356
1500,TernaryQuickSort,Reversed,14450,0.307
1500,TernaryQuickSort,AlmostSorted,14427,0.300
1500,TernaryQuickSort,Prefix,25920,0.409
1500,LCPMergeSort,Random,19121,44.869
1500,LCPMergeSort,Reversed,11194,51.082
1500,LCPMergeSort,AlmostSorted,15195,44.138
1500,LCPMergeSort,Prefix,116923,58.176
1500,MSDRadixSort,Random,3334,49.043
1500,MSDRadixSort,Reversed,3364,48.641
1500,MSDRadixSort,AlmostSorted,3325,61.452
1500,MSDRadixSort,Prefix,13842,360.583
1500,MSDRadixSort+QuickSort,Random,6782,39.353
1500,MSDRadixSort+QuickSort,Reversed,6655,39.820
1500,MSDRadixSort+QuickSort,AlmostSorted,6767,35.806
1500,MSDRadixSort+QuickSort,Prefix,17414,418.501
1600,StandardMergeSort,Random,20667,51.040
1600,StandardMergeSort,Reversed,12094,44.952
1600,StandardMergeSort,AlmostSorted,15874,51.719
1600,StandardMergeSort,Prefix,125859,58.570
1600,StandardQuickSort,Random,25922,0.532
1600,StandardQuickSort,Reversed,1296523,25.140
1600,StandardQuickSort,AlmostSorted,739556,15.101
1600,StandardQuickSort,Prefix,148113,0.971
1600,TernaryQuickSort,Random,16282,0.336
1600,TernaryQuickSort,Reversed,16217,0.294
1600,TernaryQuickSort,AlmostSorted,16509,0.349
1600,TernaryQuickSort,Prefix,27319,0.768
1600,LCPMergeSort,Random,20667,47.575
1600,LCPMergeSort,Reversed,12094,48.919
1600,LCPMergeSort,AlmostSorted,15874,58.617
1600,LCPMergeSort,Prefix,125859,60.770
1600,MSDRadixSort,Random,3558,66.621
1600,MSDRadixSort,Reversed,3571,64.561
1600,MSDRadixSort,AlmostSorted,3632,44.052
1600,MSDRadixSort,Prefix,14792,379.965
1600,MSDRadixSort+QuickSort,Random,7449,65.829
1600,MSDRadixSort+QuickSort,Reversed,7348,65.457
1600,MSDRadixSort+QuickSort,AlmostSorted,7567,60.033
1600,MSDRadixSort+QuickSort,Prefix,18728,418.457
1700,StandardMergeSort,Random,22244,43.209
1700,StandardMergeSort,Reversed,13104,55.063
1700,StandardMergeSort,AlmostSorted,16918,57.425
1700,StandardMergeSort,Prefix,135329,97.483
1700,StandardQuickSort,Random,26641,0.529
1700,StandardQuickSort,Reversed,1463742,30.996
1700,StandardQuickSort,AlmostSorted,312348,6.495
1700,StandardQuickSort,Prefix,171590,1.089
1700,TernaryQuickSort,Random,16638,0.356
1700,TernaryQuickSort,Reversed,17271,0.314
1700,TernaryQuickSort,AlmostSorted,17042,0.488
1700,TernaryQuickSort,Prefix,29246,0.427
1700,LCPMergeSort,Random,22244,63.374
1700,LCPMergeSort,Reversed,13104,63.161
1700,LCPMergeSort,AlmostSorted,16918,62.924
1700,LCPMergeSort,Prefix,135329,97.018
1700,MSDRadixSort,Random,3844,84.263
1700,MSDRadixSort,Reversed,3879,79.781
1700,MSDRadixSort,AlmostSorted,3815,93.433
1700,MSDRadixSort,Prefix,15741,447.284
1700,MSDRadixSort+QuickSort,Random,8078,38.291
1700,MSDRadixSort+QuickSort,Reversed,7988,38.294
1700,MSDRadixSort+QuickSort,AlmostSorted,8029,39.459
1700,MSDRadixSort+QuickSort,Prefix,20018,567.648
1800,StandardMergeSort,Random,23905,79.524
1800,StandardMergeSort,Reversed,14054,90.499
1800,StandardMergeSort,AlmostSorted,17818,80.337
1800,StandardMergeSort,Prefix,144574,86.464
1800,StandardQuickSort,Random,31048,0.628
1800,StandardQuickSort,Reversed,1641177,32.372
1800,StandardQuickSort,AlmostSorted,363822,7.554
1800,StandardQuickSort,Prefix,198330,1.239
1800,TernaryQuickSort,Random,19265,0.374
1800,TernaryQuickSort,Reversed,19942,0.482
1800,TernaryQuickSort,AlmostSorted,18539,0.320
1800,TernaryQuickSort,Prefix,31209,0.436
1800,LCPMergeSort,Random,23905,76.018
1800,LCPMergeSort,Reversed,14054,88.079
1800,LCPMergeSort,AlmostSorted,17818,87.422
1800,LCPMergeSort,Prefix,144574,84.251
1800,MSDRadixSort,Random,4066,127.860
1800,MSDRadixSort,Reversed,4088,107.505
1800,MSDRadixSort,AlmostSorted,4103,90.247
1800,MSDRadixSort,Prefix,16715,589.061
1800,MSDRadixSort+QuickSort,Random,8867,79.250
1800,MSDRadixSort+QuickSort,Reversed,8603,81.034
1800,MSDRadixSort+QuickSort,AlmostSorted,8784,80.841
1800,MSDRadixSort+QuickSort,Prefix,21440,655.319
1900,StandardMergeSort,Random,25565,76.042
1900,StandardMergeSort,Reversed,15095,74.625
1900,StandardMergeSort,AlmostSorted,19731,74.755
1900,StandardMergeSort,Prefix,153910,86.546
1900,StandardQuickSort,Random,30941,0.620
1900,StandardQuickSort,Reversed,1828547,35.672
1900,StandardQuickSort,AlmostSorted,428149,8.641
1900,StandardQuickSort,Prefix,192661,1.216
1900,TernaryQuickSort,Random,21382,0.423
1900,TernaryQuickSort,Reversed,20057,0.341
1900,TernaryQuickSort,AlmostSorted,20768,0.369
1900,TernaryQuickSort,Prefix,33483,0.461
1900,LCPMergeSort,Random,25565,69.477
1900,LCPMergeSort,Reversed,15095,71.407
1900,LCPMergeSort,AlmostSorted,19731,72.645
1900,LCPMergeSort,Prefix,153910,83.737
1900,MSDRadixSort,Random,4388,147.992
1900,MSDRadixSort,Reversed,4368,159.797
1900,MSDRadixSort,AlmostSorted,4333,71.981
1900,MSDRadixSort,Prefix,17679,547.997
1900,MSDRadixSort+QuickSort,Random,9367,85.054
1900,MSDRadixSort+QuickSort,Reversed,9389,86.407
1900,MSDRadixSort+QuickSort,AlmostSorted,9403,84.189
1900,MSDRadixSort+QuickSort,Prefix,22814,808.004
2000,StandardMergeSort,Random,27146,133.676
2000,StandardMergeSort,Reversed,16311,129.689
2000,StandardMergeSort,AlmostSorted,20375,135.715
2000,StandardMergeSort,Prefix,162872,168.544
2000,StandardQuickSort,Random,32077,0.645
2000,StandardQuickSort,Reversed,2025910,40.564
2000,StandardQuickSort,AlmostSorted,443412,8.867
2000,StandardQuickSort,Prefix,204243,2.556
2000,TernaryQuickSort,Random,20509,0.404
2000,TernaryQuickSort,Reversed,20988,0.364
2000,TernaryQuickSort,AlmostSorted,23756,0.396
2000,TernaryQuickSort,Prefix,34107,0.483
2000,LCPMergeSort,Random,27146,128.117
2000,LCPMergeSort,Reversed,16311,127.154
2000,LCPMergeSort,AlmostSorted,20375,131.890
2000,LCPMergeSort,Prefix,162872,170.541
2000,MSDRadixSort,Random,4577,137.979
2000,MSDRadixSort,Reversed,4590,138.337
2000,MSDRadixSort,AlmostSorted,4608,158.264
2000,MSDRadixSort,Prefix,18575,578.565
2000,MSDRadixSort+QuickSort,Random,9974,71.392
2000,MSDRadixSort+QuickSort,Reversed,9803,72.063
2000,MSDRadixSort+QuickSort,AlmostSorted,9929,73.619
2000,MSDRadixSort+QuickSort,Prefix,24119,924.980
2100,StandardMergeSort,Random,28826,170.762
2100,StandardMergeSort,Reversed,17308,153.253
2100,StandardMergeSort,AlmostSorted,21304,185.827
2100,StandardMergeSort,Prefix,172456,221.631
2100,StandardQuickSort,Random,34452,0.734
2100,StandardQuickSort,Reversed,2233915,51.686
2100,StandardQuickSort,AlmostSorted,716367,14.595
2100,StandardQuickSort,Prefix,213509,1.454
2100,TernaryQuickSort,Random,21535,0.444
2100,TernaryQuickSort,Reversed,24980,0.542
2100,TernaryQuickSort,AlmostSorted,23414,0.555
2100,TernaryQuickSort,Prefix,39513,0.621
2100,LCPMergeSort,Random,28826,236.088
2100,LCPMergeSort,Reversed,17308,180.425
2100,LCPMergeSort,AlmostSorted,21304,153.423
2100,LCPMergeSort,Prefix,172456,251.564
2100,MSDRadixSort,Random,4884,250.697
2100,MSDRadixSort,Reversed,4894,151.793
2100,MSDRadixSort,AlmostSorted,4839,219.588
2100,MSDRadixSort,Prefix,19553,779.143
2100,MSDRadixSort+QuickSort,Random,10600,259.857
2100,MSDRadixSort+QuickSort,Reversed,10692,189.305
2100,MSDRadixSort+QuickSort,AlmostSorted,10701,151.950
2100,MSDRadixSort+QuickSort,Prefix,25571,964.675
2200,StandardMergeSort,Random,30532,88.889
2200,StandardMergeSort,Reversed,17917,97.398
2200,StandardMergeSort,AlmostSorted,22773,99.083
2200,StandardMergeSort,Prefix,182293,127.399
2200,StandardQuickSort,Random,38034,0.777
2200,StandardQuickSort,Reversed,2451328,47.712
2200,StandardQuickSort,AlmostSorted,485567,9.809
2200,StandardQuickSort,Prefix,222572,1.428
2200,TernaryQuickSort,Random,23407,0.538
2200,TernaryQuickSort,Reversed,22755,0.405
2200,TernaryQuickSort,AlmostSorted,23173,0.492
2200,TernaryQuickSort,Prefix,38495,0.588
2200,LCPMergeSort,Random,30532,85.605
2200,LCPMergeSort,Reversed,17917,98.453
2200,LCPMergeSort,AlmostSorted,22773,104.737
2200,LCPMergeSort,Prefix,182293,154.635
2200,MSDRadixSort,Random,5137,125.013
2200,MSDRadixSort,Reversed,5143,122.985
2200,MSDRadixSort,AlmostSorted,5163,156.527
2200,MSDRadixSort,Prefix,20493,590.070
2200,MSDRadixSort+QuickSort,Random,11289,116.951
2200,MSDRadixSort+QuickSort,Reversed,11241,117.620
2200,MSDRadixSort+QuickSort,AlmostSorted,11247,106.361
2200,MSDRadixSort+QuickSort,Prefix,26812,1035.807
2300,StandardMergeSort,Random,32229,148.387
2300,StandardMergeSort,Reversed,18834,194.588
2300,StandardMergeSort,AlmostSorted,23748,201.659
2300,StandardMergeSort,Prefix,191772,250.122
2300,StandardQuickSort,Random,38040,4.813
2300,StandardQuickSort,Reversed,2679418,54.575
2300,StandardQuickSort,AlmostSorted,867371,18.516
2300,StandardQuickSort,Prefix,228820,1.492
2300,TernaryQuickSort,Random,25738,0.514
2300,TernaryQuickSort,Reversed,25263,0.527
2300,TernaryQuickSort,AlmostSorted,24889,0.504
2300,TernaryQuickSort,Prefix,39978,6.688
2300,LCPMergeSort,Random,32229,170.462
2300,LCPMergeSort,Reversed,18834,142.997
2300,LCPMergeSort,AlmostSorted,23748,166.793
2300,LCPMergeSort,Prefix,191772,179.665
2300,MSDRadixSort,Random,5337,220.126
2300,MSDRadixSort,Reversed,5369,190.405
2300,MSDRadixSort,AlmostSorted,5429,167.734
2300,MSDRadixSort,Prefix,21485,863.913
2300,MSDRadixSort+QuickSort,Random,12096,74.673
2300,MSDRadixSort+QuickSort,Reversed,12189,73.732
2300,MSDRadixSort+QuickSort,AlmostSorted,11731,83.458
2300,MSDRadixSort+QuickSort,Prefix,28244,748.048
2400,StandardMergeSort,Random,33904,100.371
2400,StandardMergeSort,Reversed,19577,123.779
2400,StandardMergeSort,AlmostSorted,26066,144.493
2400,StandardMergeSort,Prefix,201970,133.149
2400,StandardQuickSort,Random,40810,0.850
2400,StandardQuickSort,Reversed,2917516,58.791
2400,StandardQuickSort,AlmostSorted,1144893,25.870
2400,StandardQuickSort,Prefix,247296,2.162
2400,TernaryQuickSort,Random,26170,0.540
2400,TernaryQuickSort,Reversed,28554,0.532
2400,TernaryQuickSort,AlmostSorted,30102,0.582
2400,TernaryQuickSort,Prefix,43019,0.645
2400,LCPMergeSort,Random,33904,107.007
2400,LCPMergeSort,Reversed,19577,112.728
2400,LCPMergeSort,AlmostSorted,26066,133.397
2400,LCPMergeSort,Prefix,201970,136.555
2400,MSDRadixSort,Random,5678,143.880
2400,MSDRadixSort,Reversed,5645,153.267
2400,MSDRadixSort,AlmostSorted,5679,173.835
2400,MSDRadixSort,Prefix,22445,891.856
2400,MSDRadixSort+QuickSort,Random,12903,100.554
2400,MSDRadixSort+QuickSort,Reversed,12353,100.807
2400,MSDRadixSort+QuickSort,AlmostSorted,13007,85.769
2400,MSDRadixSort+QuickSort,Prefix,29302,805.896
2500,StandardMergeSort,Random,35610,174.229
2500,StandardMergeSort,Reversed,20613,84.543
2500,StandardMergeSort,AlmostSorted,26708,122.478
2500,StandardMergeSort,Prefix,211655,147.892
2500,StandardQuickSort,Random,44607,0.873
2500,StandardQuickSort,Reversed,3166060,62.414
2500,StandardQuickSort,AlmostSorted,1051965,22.346
2500,StandardQuickSort,Prefix,280687,1.765
2500,TernaryQuickSort,Random,27491,0.552
2500,TernaryQuickSort,Reversed,27539,0.483
2500,TernaryQuickSort,AlmostSorted,27784,0.499
2500,TernaryQuickSort,Prefix,46258,0.693
2500,LCPMergeSort,Random,35610,145.679
2500,LCPMergeSort,Reversed,20613,113.571
2500,LCPMergeSort,AlmostSorted,26708,125.415
2500,LCPMergeSort,Prefix,211655,139.230
2500,MSDRadixSort,Random,5926,119.737
2500,MSDRadixSort,Reversed,5885,136.284
2500,MSDRadixSort,AlmostSorted,5922,167.627
2500,MSDRadixSort,Prefix,23396,609.594
2500,MSDRadixSort+QuickSort,Random,13247,107.506
2500,MSDRadixSort+QuickSort,Reversed,13281,106.123
2500,MSDRadixSort+QuickSort,AlmostSorted,13562,84.837
2500,MSDRadixSort+QuickSort,Prefix,30896,742.516
2600,StandardMergeSort,Random,37515,78.414
2600,StandardMergeSort,Reversed,21619,74.530
2600,StandardMergeSort,AlmostSorted,26880,83.883
2600,StandardMergeSort,Prefix,221144,130.807
2600,StandardQuickSort,Random,47663,0.920
2600,StandardQuickSort,Reversed,3424187,68.238
2600,StandardQuickSort,AlmostSorted,1323759,27.993
2600,StandardQuickSort,Prefix,274391,1.726
2600,TernaryQuickSort,Random,29046,0.558
2600,TernaryQuickSort,Reversed,30940,0.516
2600,TernaryQuickSort,AlmostSorted,27989,0.484
2600,TernaryQuickSort,Prefix,46767,0.677
2600,LCPMergeSort,Random,37515,90.506
2600,LCPMergeSort,Reversed,21619,104.799
2600,LCPMergeSort,AlmostSorted,26880,93.554
2600,LCPMergeSort,Prefix,221144,138.232
2600,MSDRadixSort,Random,6213,124.438
2600,MSDRadixSort,Reversed,6162,114.811
2600,MSDRadixSort,AlmostSorted,6146,137.984
2600,MSDRadixSort,Prefix,24423,801.136
2600,MSDRadixSort+QuickSort,Random,14167,67.817
2600,MSDRadixSort+QuickSort,Reversed,14298,68.204
2600,MSDRadixSort+QuickSort,AlmostSorted,14034,53.493
2600,MSDRadixSort+QuickSort,Prefix,32306,843.491
2700,StandardMergeSort,Random,39179,68.232
2700,StandardMergeSort,Reversed,22562,68.598
2700,StandardMergeSort,AlmostSorted,29880,77.102
2700,StandardMergeSort,Prefix,231119,85.279
2700,StandardQuickSort,Random,48112,0.902
2700,StandardQuickSort,Reversed,3693083,73.510
2700,StandardQuickSort,AlmostSorted,691550,12.359
2700,StandardQuickSort,Prefix,282720,1.932
2700,TernaryQuickSort,Random,31404,0.611
2700,TernaryQuickSort,Reversed,31710,0.520
2700,TernaryQuickSort,AlmostSorted,34663,0.595
2700,TernaryQuickSort,Prefix,47974,0.719
2700,LCPMergeSort,Random,39179,70.318
2700,LCPMergeSort,Reversed,22562,71.448
2700,LCPMergeSort,AlmostSorted,29880,76.420
2700,LCPMergeSort,Prefix,231119,89.898
2700,MSDRadixSort,Random,6434,119.148
2700,MSDRadixSort,Reversed,6414,113.469
2700,MSDRadixSort,AlmostSorted,6463,59.705
2700,MSDRadixSort,Prefix,25388,795.199
2700,MSDRadixSort+QuickSort,Random,14597,61.431
2700,MSDRadixSort+QuickSort,Reversed,14587,61.720
2700,MSDRadixSort+QuickSort,AlmostSorted,14763,65.947
2700,MSDRadixSort+QuickSort,Prefix,33736,1332.274
2800,StandardMergeSort,Random,40947,119.932
2800,StandardMergeSort,Reversed,23600,117.649
2800,StandardMergeSort,AlmostSorted,29640,129.143
2800,StandardMergeSort,Prefix,240795,145.851
2800,StandardQuickSort,Random,51742,1.004
2800,StandardQuickSort,Reversed,3971962,79.767
2800,StandardQuickSort,AlmostSorted,1923313,43.739
2800,StandardQuickSort,Prefix,342195,2.106
2800,TernaryQuickSort,Random,32690,0.662
2800,TernaryQuickSort,Reversed,29999,0.560
2800,TernaryQuickSort,AlmostSorted,31778,0.541
2800,TernaryQuickSort,Prefix,53069,0.751
2800,LCPMergeSort,Random,40947,122.322
2800,LCPMergeSort,Reversed,23600,119.348
2800,LCPMergeSort,AlmostSorted,29640,123.390
2800,LCPMergeSort,Prefix,240795,148.706
2800,MSDRadixSort,Random,6722,133.694
2800,MSDRadixSort,Reversed,6667,130.441
2800,MSDRadixSort,AlmostSorted,6762,206.045
2800,MSDRadixSort,Prefix,26314,629.803
2800,MSDRadixSort+QuickSort,Random,15573,86.948
2800,MSDRadixSort+QuickSort,Reversed,15562,90.000
2800,MSDRadixSort+QuickSort,AlmostSorted,15845,82.522
2800,MSDRadixSort+QuickSort,Prefix,35201,671.739
2900,StandardMergeSort,Random,42771,86.336
2900,StandardMergeSort,Reversed,24600,93.639
2900,StandardMergeSort,AlmostSorted,31672,96.578
2900,StandardMergeSort,Prefix,251165,133.909
2900,StandardQuickSort,Random,52324,0.978
2900,StandardQuickSort,Reversed,4259992,80.814
2900,StandardQuickSort,AlmostSorted,1224709,26.358
2900,StandardQuickSort,Prefix,315912,1.944
2900,TernaryQuickSort,Random,34274,0.666
2900,TernaryQuickSort,Reversed,31713,0.585
2900,TernaryQuickSort,AlmostSorted,33047,0.567
2900,TernaryQuickSort,Prefix,51656,0.758
2900,LCPMergeSort,Random,42771,101.176
2900,LCPMergeSort,Reversed,24600,104.906
2900,LCPMergeSort,AlmostSorted,31672,122.902
2900,LCPMergeSort,Prefix,251165,142.083
2900,MSDRadixSort,Random,7003,124.497
2900,MSDRadixSort,Reversed,6918,130.798
2900,MSDRadixSort,AlmostSorted,6972,253.235
2900,MSDRadixSort,Prefix,27283,945.013
2900,MSDRadixSort+QuickSort,Random,16214,115.244
2900,MSDRadixSort+QuickSort,Reversed,16688,129.802
2900,MSDRadixSort+QuickSort,AlmostSorted,16372,120.592
2900,MSDRadixSort+QuickSort,Prefix,36535,1182.052
3000,StandardMergeSort,Random,44403,119.275
3000,StandardMergeSort,Reversed,25766,115.960
3000,StandardMergeSort,AlmostSorted,33248,124.531
3000,StandardMergeSort,Prefix,260887,173.787
3000,StandardQuickSort,Random,52667,1.025
3000,StandardQuickSort,Reversed,4559185,92.413
3000,StandardQuickSort,AlmostSorted,978525,17.675
3000,StandardQuickSort,Prefix,326542,2.064
3000,TernaryQuickSort,Random,34662,1.315
3000,TernaryQuickSort,Reversed,33807,0.577
3000,TernaryQuickSort,AlmostSorted,33943,0.588
3000,TernaryQuickSort,Prefix,54893,0.800
3000,LCPMergeSort,Random,44403,125.283
3000,LCPMergeSort,Reversed,25766,128.141
3000,LCPMergeSort,AlmostSorted,33248,147.329
3000,LCPMergeSort,Prefix,260887,147.160
3000,MSDRadixSort,Random,7217,187.954
3000,MSDRadixSort,Reversed,7280,183.429
3000,MSDRadixSort,AlmostSorted,7294,159.552
3000,MSDRadixSort,Prefix,28214,1072.538
3000,MSDRadixSort+QuickSort,Random,16846,211.174
3000,MSDRadixSort+QuickSort,Reversed,16762,192.704
3000,MSDRadixSort+QuickSort,AlmostSorted,16888,148.871
3000,MSDRadixSort+QuickSort,Prefix,38177,1290.700
